<?xml version="1.0" encoding="UTF-8"?>
<root>
  <item name="co.intentservice.chatui.fab.FloatingActionButton int getSize()">
    <annotation name="android.support.annotation.IntDef">
      <val name="value" val="{co.intentservice.chatui.fab.FloatingActionButton.SIZE_NORMAL, co.intentservice.chatui.fab.FloatingActionButton.SIZE_MINI}" />
    </annotation>
  </item>
  <item name="co.intentservice.chatui.fab.FloatingActionButton void setSize(int) 0">
    <annotation name="android.support.annotation.IntDef">
      <val name="value" val="{co.intentservice.chatui.fab.FloatingActionButton.SIZE_NORMAL, co.intentservice.chatui.fab.FloatingActionButton.SIZE_MINI}" />
    </annotation>
  </item>
  <item name="co.intentservice.chatui.fab.FloatingActionButton.FAB_SIZE">
    <annotation name="android.support.annotation.IntDef">
      <val name="value" val="{co.intentservice.chatui.fab.FloatingActionButton.SIZE_NORMAL, co.intentservice.chatui.fab.FloatingActionButton.SIZE_MINI}" />
    </annotation>
  </item>
</root>

